{
	"id": "Freebox_OS",
	"name": "Freebox",
	"description": "Plugin pour commander la Freebox OS",
	"usage": "Il permet de récupérer toutes les infos disponibles sur la Freebox et pour les Delta il permet de récupérer les équipements connectés",
	"licence": "AGPL",
	"author": "Halbout Michael | JAG",
	"require": "3.3",
	"category": "monitoring",
	"hasOwnDeamon": true,
	"hasDependency": false,
	"maxDependancyInstallTime": 0,
	"language": ["de_DE", "en_US", "es_ES", "fr_FR", "id_ID", "it_IT", "ru_RU", "sp_SP"],
	"compatibility": ["miniplus", "smart", "rpi", "docker", "diy", "mobile", "v4"],
	"link": {
		"forum": "https://community.jeedom.com/t/info-plugin-freebox-mise-a-jour-des-composants-de-la-delta-tiles-systeme/30673"
	},
	"documentation": "http://mika-nt28.github.io/Documentations/Freebox_OS/#language#/",
	"changelog": "https://mika-nt28.github.io/Documentations/Freebox_OS/#language#/changelog"
}